geri_bildirim_id,arac_id,tarih,kanal,metin
9503,500584,2024-01-24,Google Yorum,Kampanya mesajı geldi ama şubede geçerli değilmiş.
9250,500821,2025-02-12,Anket,Bir yıldız bile fazla.
9562,503079,2024-01-04,Google Yorum,"Randevu almak kolaydı, işlem hızlı bitti. Memnun kaldım."
9219,503519,2023-07-28,Anket,"Fatura tutarı verilen tekliften yüksek çıktı, önceden bilgilendirilmedim."
9543,503409,2023-06-19,Google Yorum,"Rakip markanın servisinde aynı işlem daha ucuzdu, orayı tercih edeceğim."
9513,501611,2024-07-29,E-posta,"İkinci kez geliyorum, yine sorunsuz. Ekibe teşekkürler."
9465,502886,2024-12-17,Çağrı Merkezi,"Aracı teslim alırken içi temizlenmişti, güzel bir detay."
9080,501116,2024-11-14,Anket,"Aracı teslim alırken içi temizlenmişti, güzel bir detay."
9541,502856,2024-03-08,Çağrı Merkezi,"Danışman bey her adımı tek tek anlattı, fiyat konusunda da şeffaftı."
9149,503263,2025-01-20,Anket,İşçilik kalitesi iyiydi ama fiyatlandırma gerçekten pahalı.
9496,504407,2023-08-22,Anket,"Aracımın içinde yağ lekesi bıraktılar, koltuk kirlenmişti."
9033,504633,2023-12-01,Anket,"Arıza giderilmemiş, aynı ses devam ediyor. Tekrar gitmek zorunda kaldım."
9057,503741,2023-05-01,Çağrı Merkezi,"Beklediğimden erken bitti, aradılar haber verdiler."
9093,503563,2024-10-30,Anket,"Harika bir deneyimdi, sadece üç hafta bekledim."
9421,503561,2024-01-26,Anket,Kampanya mesajı geldi ama şubede geçerli değilmiş.
9079,500773,2025-06-25,E-posta,"Randevu saatinde gittim ama iki saat bekledim, kimse bilgi vermedi."
9004,500867,2023-07-05,Google Yorum,"Randevu saatinde gittim ama iki saat bekledim, kimse bilgi vermedi."
9413,502504,2023-09-21,Anket,"Servis ekibi çok ilgiliydi, aracım söz verilen saatte hazırdı. Teşekkürler."
9194,501007,2024-07-06,Anket,"Fatura tutarı verilen tekliften yüksek çıktı, önceden bilgilendirilmedim."
9587,504248,2024-07-11,Anket,"İkinci kez geliyorum, yine sorunsuz. Ekibe teşekkürler."
9135,502925,2024-10-25,Anket,"Randevu almak kolaydı, işlem hızlı bitti. Memnun kaldım."
9153,502576,2023-05-25,Çağrı Merkezi,"Rakip markanın servisinde aynı işlem daha ucuzdu, orayı tercih edeceğim."
9051,501798,2024-01-25,Çağrı Merkezi,Yedek araç verilmesi büyük kolaylık oldu.
9636,504509,2025-04-19,E-posta,"Fiyat çok yüksek geldi, aynı işi özel serviste yarı fiyata yaptırabilirdim."
9610,503444,2024-06-08,Anket,"İkinci kez geliyorum, yine sorunsuz. Ekibe teşekkürler."
9114,501767,2024-09-23,Anket,"İkinci kez geliyorum, yine sorunsuz. Ekibe teşekkürler."
9163,502581,2025-01-07,Anket,"Personel çok nazikti, sadece süre biraz uzun sürdü."
9603,504110,2025-06-07,Google Yorum,"Telefonla kimseye ulaşamıyorum, çağrı merkezi sürekli meşgul."
9635,504198,2025-05-17,Google Yorum,"Danışman ilgisizdi, sorduğum soruya doğru düzgün cevap vermedi."
9526,504215,2024-03-24,Google Yorum,Teşekkürler
9168,500204,2023-08-30,Çağrı Merkezi,"Danışman bey her adımı tek tek anlattı, fiyat konusunda da şeffaftı."
9326,501013,2025-05-12,Çağrı Merkezi,"Aracı teslim alırken içi temizlenmişti, güzel bir detay."
9263,500325,2023-02-23,Anket,"Harika bir deneyimdi, sadece üç hafta bekledim."
9295,502260,2024-04-15,E-posta,"Aracımın içinde yağ lekesi bıraktılar, koltuk kirlenmişti."
9136,502743,2023-12-23,Google Yorum,"Servis temizdi ve ekip güler yüzlüydü, yalnızca yedek parça beklemesi can sıkıcıydı."
9337,504525,2023-04-04,Anket,"Servis ekibi çok ilgiliydi, aracım söz verilen saatte hazırdı. Teşekkürler."
9320,504439,2024-09-17,Çağrı Merkezi,"Harika bir deneyimdi, sadece üç hafta bekledim."
9627,503346,2023-03-12,Anket,"İkinci kez geliyorum, yine sorunsuz. Ekibe teşekkürler."
9282,500602,2024-01-07,Google Yorum,"Aracımın içinde yağ lekesi bıraktılar, koltuk kirlenmişti."
9324,502487,2023-04-06,E-posta,"Arıza giderilmemiş, aynı ses devam ediyor. Tekrar gitmek zorunda kaldım."
9364,504219,2024-01-17,Çağrı Merkezi,Bir yıldız bile fazla.
9041,500500,2025-05-20,Anket,"Yedek parça iki hafta bekledi, bu süre boyunca aracım serviste kaldı."
9089,500497,2024-11-29,Anket,"İkinci kez geliyorum, yine sorunsuz. Ekibe teşekkürler."
9344,504170,2024-02-28,Çağrı Merkezi,"Danışman ilgisizdi, sorduğum soruya doğru düzgün cevap vermedi."
9329,502121,2024-04-18,Anket,Fena değildi.
9215,500555,2025-06-28,Çağrı Merkezi,"Yedek parça iki hafta bekledi, bu süre boyunca aracım serviste kaldı."
9383,503228,2023-03-20,Anket,"Telefonla kimseye ulaşamıyorum, çağrı merkezi sürekli meşgul."
9611,504221,2023-03-13,Anket,"Fatura tutarı verilen tekliften yüksek çıktı, önceden bilgilendirilmedim."
9081,502542,2025-01-25,Anket,Fena değildi.
9402,500013,2024-09-11,Anket,"Yedek parça iki hafta bekledi, bu süre boyunca aracım serviste kaldı."
9181,501660,2025-04-22,Google Yorum,"Servis ekibi çok ilgiliydi, aracım söz verilen saatte hazırdı. Teşekkürler."
9292,504251,2023-09-19,Anket,"Arıza giderilmemiş, aynı ses devam ediyor. Tekrar gitmek zorunda kaldım."
9012,504046,2025-03-03,Anket,"Randevu almak kolaydı, işlem hızlı bitti. Memnun kaldım."
9268,503294,2024-03-08,E-posta,"Servis ekibi çok ilgiliydi, aracım söz verilen saatte hazırdı. Teşekkürler."
9476,501277,2023-03-08,E-posta,"Danışman ilgisizdi, sorduğum soruya doğru düzgün cevap vermedi."
9179,503991,2023-04-01,Google Yorum,Kötü diyemem ama bir daha gelir miyim bilmiyorum.
9139,501121,2024-08-19,E-posta,"İkinci kez geliyorum, yine sorunsuz. Ekibe teşekkürler."
9462,504472,2023-04-07,Anket,"İkinci kez geliyorum, yine sorunsuz. Ekibe teşekkürler."
9217,502586,2025-04-16,Google Yorum,Bir yıldız bile fazla.
9032,503286,2024-06-12,Google Yorum,"Arıza çözüldü ancak randevu sistemi çok karışık, üç kez aramak zorunda kaldım."
9594,502057,2023-04-16,Çağrı Merkezi,"Aracımın içinde yağ lekesi bıraktılar, koltuk kirlenmişti."
9621,503798,2025-04-04,Anket,"Fatura tutarı verilen tekliften yüksek çıktı, önceden bilgilendirilmedim."
9354,500704,2025-06-07,Çağrı Merkezi,"Aracı teslim alırken içi temizlenmişti, güzel bir detay."
9043,500855,2023-12-08,Google Yorum,Bir yıldız bile fazla.
9281,501506,2024-04-29,Çağrı Merkezi,Mükemmel değildi ama beklentimin altında da kalmadı.
9271,503702,2025-01-09,Anket,"Randevu almak kolaydı, işlem hızlı bitti. Memnun kaldım."
9058,504412,2023-07-06,Anket,"Personel çok nazikti, sadece süre biraz uzun sürdü."
9431,501815,2023-06-09,Google Yorum,Sorun yok.
9549,504360,2023-04-03,Anket,"Personel çok nazikti, sadece süre biraz uzun sürdü."
9620,503538,2023-07-03,Anket,"Aracımın içinde yağ lekesi bıraktılar, koltuk kirlenmişti."
9160,503791,2024-10-25,Anket,Kampanya mesajı geldi ama şubede geçerli değilmiş.
9026,502422,2023-05-07,E-posta,"Danışman ilgisizdi, sorduğum soruya doğru düzgün cevap vermedi."
9085,500516,2024-05-26,E-posta,Kampanya mesajı geldi ama şubede geçerli değilmiş.
9371,503950,2025-03-16,E-posta,"Servis ekibi çok ilgiliydi, aracım söz verilen saatte hazırdı. Teşekkürler."
9221,503137,2025-05-01,Çağrı Merkezi,"Aracımla ilgili değil ama web sitenizden randevu alınmıyor, sürekli hata veriyor."
9517,503428,2024-09-06,Anket,"Telefonla kimseye ulaşamıyorum, çağrı merkezi sürekli meşgul."
9516,501845,2023-05-02,Çağrı Merkezi,"Yedek parça iki hafta bekledi, bu süre boyunca aracım serviste kaldı."
9073,503876,2025-06-07,Anket,Sorun yok.
9370,503244,2025-02-13,Anket,"Arıza giderilmemiş, aynı ses devam ediyor. Tekrar gitmek zorunda kaldım."
9420,500054,2023-11-13,Google Yorum,İşçilik kalitesi iyiydi ama fiyatlandırma gerçekten pahalı.
9565,502203,2024-11-11,Anket,"Hiç de memnun kalmadım denemez, işlerini biliyorlar."
9062,503388,2023-12-28,Çağrı Merkezi,"Yedek parça iki hafta bekledi, bu süre boyunca aracım serviste kaldı."
9412,502749,2024-09-02,E-posta,Kampanya mesajı geldi ama şubede geçerli değilmiş.
9615,504252,2023-09-17,Çağrı Merkezi,Kötü diyemem ama bir daha gelir miyim bilmiyorum.
9216,501600,2024-03-15,Çağrı Merkezi,"Danışman bey her adımı tek tek anlattı, fiyat konusunda da şeffaftı."
9609,503497,2024-09-04,Anket,"Ödeme sırasında POS çalışmadı, nakit aramak zorunda kaldım."
9170,502233,2023-09-23,E-posta,"Randevu saatinde gittim ama iki saat bekledim, kimse bilgi vermedi."
9254,501073,2023-09-22,E-posta,"Telefonla kimseye ulaşamıyorum, çağrı merkezi sürekli meşgul."
9278,500907,2024-08-14,Anket,"Fatura tutarı verilen tekliften yüksek çıktı, önceden bilgilendirilmedim."
9264,502173,2024-07-02,Çağrı Merkezi,"Arıza çözüldü ancak randevu sistemi çok karışık, üç kez aramak zorunda kaldım."
9340,502545,2023-09-02,Anket,Sorun yok.
9312,504496,2025-05-23,Anket,İşçilik kalitesi iyiydi ama fiyatlandırma gerçekten pahalı.
9031,500345,2023-02-01,Anket,?
9198,504613,2024-09-26,Google Yorum,"Danışman bey her adımı tek tek anlattı, fiyat konusunda da şeffaftı."
9105,502181,2024-12-05,Çağrı Merkezi,İşçilik kalitesi iyiydi ama fiyatlandırma gerçekten pahalı.
9310,502103,2024-01-19,Google Yorum,"Fatura tutarı verilen tekliften yüksek çıktı, önceden bilgilendirilmedim."
9234,500569,2024-04-30,Google Yorum,Mükemmel değildi ama beklentimin altında da kalmadı.
9284,504197,2024-02-16,E-posta,"Servis ekibi çok ilgiliydi, aracım söz verilen saatte hazırdı. Teşekkürler."
9304,504272,2025-05-04,Anket,"İkinci kez geliyorum, yine sorunsuz. Ekibe teşekkürler."
9597,504513,2024-02-22,E-posta,"Fiyat çok yüksek geldi, aynı işi özel serviste yarı fiyata yaptırabilirdim."
9210,503474,2023-04-20,Google Yorum,Kampanya mesajı geldi ama şubede geçerli değilmiş.
9343,504441,2025-06-30,E-posta,Kampanya mesajı geldi ama şubede geçerli değilmiş.
9553,501910,2024-06-20,E-posta,"Danışman ilgisizdi, sorduğum soruya doğru düzgün cevap vermedi."
9581,502284,2024-01-26,Google Yorum,Sorun yok.
9479,502671,2024-02-09,Anket,"Yedek parça iki hafta bekledi, bu süre boyunca aracım serviste kaldı."
9084,501452,2024-02-07,E-posta,Yedek araç verilmesi büyük kolaylık oldu.
9233,502984,2024-11-20,E-posta,İyi.
9113,504186,2025-03-18,E-posta,"Randevu almak kolaydı, işlem hızlı bitti. Memnun kaldım."
9255,503897,2025-03-19,Anket,"Beklediğimden erken bitti, aradılar haber verdiler."
9418,501504,2024-12-11,Anket,"İkinci kez geliyorum, yine sorunsuz. Ekibe teşekkürler."
9066,501051,2023-03-01,Anket,"Aracımla ilgili değil ama web sitenizden randevu alınmıyor, sürekli hata veriyor."
9557,504668,2024-07-25,Anket,Yedek araç verilmesi büyük kolaylık oldu.
9075,501189,2025-03-29,Anket,"Rakip markanın servisinde aynı işlem daha ucuzdu, orayı tercih edeceğim."
9608,504353,2024-01-28,Anket,Fena değildi.
9452,501235,2025-04-26,Anket,"Hiç de memnun kalmadım denemez, işlerini biliyorlar."
9122,500534,2024-05-02,Anket,"Rakip markanın servisinde aynı işlem daha ucuzdu, orayı tercih edeceğim."
9599,503860,2023-06-04,E-posta,Kötü diyemem ama bir daha gelir miyim bilmiyorum.
9297,504683,2025-05-17,Anket,"Fiyat çok yüksek geldi, aynı işi özel serviste yarı fiyata yaptırabilirdim."
9272,503522,2025-06-23,Anket,"İkinci kez geliyorum, yine sorunsuz. Ekibe teşekkürler."
9218,502616,2024-04-15,Anket,-
9144,503604,2025-04-21,Anket,"Yedek parça iki hafta bekledi, bu süre boyunca aracım serviste kaldı."
9358,504012,2024-07-04,Anket,Yedek araç verilmesi büyük kolaylık oldu.
9328,501903,2024-06-15,Anket,-
9224,503623,2023-04-22,Çağrı Merkezi,"Harika bir deneyimdi, sadece üç hafta bekledim."
9417,503543,2025-01-13,Çağrı Merkezi,"Aracımla ilgili değil ama web sitenizden randevu alınmıyor, sürekli hata veriyor."
9447,502851,2023-07-14,Anket,"Beklediğimden erken bitti, aradılar haber verdiler."
9341,500147,2024-02-07,Anket,Kampanya mesajı geldi ama şubede geçerli değilmiş.
9008,500923,2024-01-15,Anket,Fena değildi.
9108,501463,2024-02-02,Google Yorum,"Hiç de memnun kalmadım denemez, işlerini biliyorlar."
9118,502016,2023-08-28,Çağrı Merkezi,Teşekkürler
9495,501625,2023-10-05,Google Yorum,"Aracı teslim alırken içi temizlenmişti, güzel bir detay."
9190,504310,2025-03-10,Anket,"Rakip markanın servisinde aynı işlem daha ucuzdu, orayı tercih edeceğim."
9244,503153,2023-07-23,Anket,"Randevu saatinde gittim ama iki saat bekledim, kimse bilgi vermedi."
9525,500318,2023-07-29,Anket,Fena değildi.
9442,503669,2024-02-12,Anket,"Servis ekibi çok ilgiliydi, aracım söz verilen saatte hazırdı. Teşekkürler."
9432,502452,2024-12-29,Çağrı Merkezi,"İkinci kez geliyorum, yine sorunsuz. Ekibe teşekkürler."
9429,504240,2023-10-06,Google Yorum,"Ödeme sırasında POS çalışmadı, nakit aramak zorunda kaldım."
9308,503225,2025-02-23,Çağrı Merkezi,İyi.
9416,501488,2024-04-07,Anket,Fena değildi.
9348,503675,2023-02-10,Google Yorum,"Ödeme sırasında POS çalışmadı, nakit aramak zorunda kaldım."
9448,502741,2024-05-04,Anket,İşçilik kalitesi iyiydi ama fiyatlandırma gerçekten pahalı.
9491,503060,2024-01-22,Anket,"Randevu almak kolaydı, işlem hızlı bitti. Memnun kaldım."
9044,500468,2023-02-17,Anket,Sorun yok.
9076,503005,2024-04-17,Google Yorum,"Danışman bey her adımı tek tek anlattı, fiyat konusunda da şeffaftı."
9555,502900,2024-11-27,Google Yorum,Kampanya mesajı geldi ama şubede geçerli değilmiş.
9069,502020,2024-05-06,Google Yorum,"Ödeme sırasında POS çalışmadı, nakit aramak zorunda kaldım."
9013,501866,2024-03-14,Çağrı Merkezi,"Aracımın içinde yağ lekesi bıraktılar, koltuk kirlenmişti."
9275,500779,2024-02-15,Anket,?
9511,501653,2025-04-01,Anket,Bir yıldız bile fazla.
9426,503207,2023-07-07,Google Yorum,"Fiyat çok yüksek geldi, aynı işi özel serviste yarı fiyata yaptırabilirdim."
9527,502557,2023-09-08,Anket,"Aracı teslim alırken içi temizlenmişti, güzel bir detay."
9363,504441,2024-10-05,E-posta,"Personel çok nazikti, sadece süre biraz uzun sürdü."
9086,504625,2023-10-19,Anket,"Telefonla kimseye ulaşamıyorum, çağrı merkezi sürekli meşgul."
9614,503573,2024-01-06,Anket,Mükemmel değildi ama beklentimin altında da kalmadı.
9376,500528,2024-05-10,Google Yorum,-
9082,501529,2024-09-13,Anket,"Danışman bey her adımı tek tek anlattı, fiyat konusunda da şeffaftı."
9025,502851,2024-07-21,Anket,"Danışman bey her adımı tek tek anlattı, fiyat konusunda da şeffaftı."
9593,501338,2024-08-23,Çağrı Merkezi,Kötü diyemem ama bir daha gelir miyim bilmiyorum.
9623,500144,2024-04-11,Google Yorum,"Randevu almak kolaydı, işlem hızlı bitti. Memnun kaldım."
9598,500180,2023-03-09,Anket,Fena değildi.
9202,504704,2024-12-02,E-posta,"Hiç de memnun kalmadım denemez, işlerini biliyorlar."
9336,504480,2025-04-12,Anket,"Randevu almak kolaydı, işlem hızlı bitti. Memnun kaldım."
9266,501880,2024-07-06,Anket,"Danışman ilgisizdi, sorduğum soruya doğru düzgün cevap vermedi."
9141,501683,2023-12-16,Anket,"Aracı teslim alırken içi temizlenmişti, güzel bir detay."
9237,500504,2025-04-12,Google Yorum,Yedek araç verilmesi büyük kolaylık oldu.
9318,503944,2024-10-13,Çağrı Merkezi,"Yedek parça iki hafta bekledi, bu süre boyunca aracım serviste kaldı."
9182,504446,2023-11-07,Çağrı Merkezi,"Servis iyi de otopark yok, aracı sokağa bırakmak zorunda kaldım."
9011,502278,2023-08-16,Çağrı Merkezi,İyi.
9209,502699,2023-06-28,Anket,"Yedek parça iki hafta bekledi, bu süre boyunca aracım serviste kaldı."
9522,500488,2023-05-06,Anket,Kampanya mesajı geldi ama şubede geçerli değilmiş.
9505,503816,2023-11-21,Çağrı Merkezi,Yedek araç verilmesi büyük kolaylık oldu.
9633,500138,2024-09-13,Anket,"Arıza giderilmemiş, aynı ses devam ediyor. Tekrar gitmek zorunda kaldım."
9569,504001,2024-12-17,Anket,"Aracı teslim alırken içi temizlenmişti, güzel bir detay."
9087,503870,2024-10-08,Anket,"Yedek parça iki hafta bekledi, bu süre boyunca aracım serviste kaldı."
9187,503254,2024-07-26,Anket,"Aracımın içinde yağ lekesi bıraktılar, koltuk kirlenmişti."
9352,500680,2023-02-22,Anket,"Beklediğimden erken bitti, aradılar haber verdiler."
9595,503135,2025-05-25,Anket,"Randevu saatinde gittim ama iki saat bekledim, kimse bilgi vermedi."
9404,503829,2024-01-23,Anket,"Telefonla kimseye ulaşamıyorum, çağrı merkezi sürekli meşgul."
9509,502682,2024-11-10,Çağrı Merkezi,"Yedek parça iki hafta bekledi, bu süre boyunca aracım serviste kaldı."
9256,503766,2023-09-06,Google Yorum,Yedek araç verilmesi büyük kolaylık oldu.
9184,500065,2023-02-07,E-posta,"Ödeme sırasında POS çalışmadı, nakit aramak zorunda kaldım."
9226,504342,2024-10-15,Anket,"Ödeme sırasında POS çalışmadı, nakit aramak zorunda kaldım."
9158,503936,2024-07-19,Anket,"Randevu almak kolaydı, işlem hızlı bitti. Memnun kaldım."
9078,500191,2023-10-15,E-posta,"Fatura tutarı verilen tekliften yüksek çıktı, önceden bilgilendirilmedim."
9096,500503,2024-11-06,Anket,"Fatura tutarı verilen tekliften yüksek çıktı, önceden bilgilendirilmedim."
9414,500386,2023-09-24,Anket,Kötü diyemem ama bir daha gelir miyim bilmiyorum.
9071,504147,2024-10-22,Anket,"Harika bir deneyimdi, sadece üç hafta bekledim."
9017,501428,2023-07-27,Anket,Teşekkürler
9205,503176,2023-10-27,Anket,"Beklediğimden erken bitti, aradılar haber verdiler."
9583,500919,2025-02-01,Anket,Yedek araç verilmesi büyük kolaylık oldu.
9091,502515,2024-10-19,E-posta,"Servis temizdi ve ekip güler yüzlüydü, yalnızca yedek parça beklemesi can sıkıcıydı."
9535,500258,2025-04-25,Anket,?
9121,502919,2023-01-29,Anket,Mükemmel değildi ama beklentimin altında da kalmadı.
9430,504518,2023-02-13,E-posta,"Danışman bey her adımı tek tek anlattı, fiyat konusunda da şeffaftı."
9456,504360,2024-08-02,Anket,İşçilik kalitesi iyiydi ama fiyatlandırma gerçekten pahalı.
9035,504526,2023-07-14,Anket,"İkinci kez geliyorum, yine sorunsuz. Ekibe teşekkürler."
9001,500339,2025-01-26,Çağrı Merkezi,Mükemmel değildi ama beklentimin altında da kalmadı.
9632,503808,2024-10-14,Anket,"Aracı teslim alırken içi temizlenmişti, güzel bir detay."
9214,500642,2023-10-15,E-posta,"Randevu almak kolaydı, işlem hızlı bitti. Memnun kaldım."
9560,503355,2025-03-25,Anket,"İkinci kez geliyorum, yine sorunsuz. Ekibe teşekkürler."
